ï»¿URN,LANAME,LA,ESTAB,LAESTAB,SCHNAME,STREET,LOCALITY,ADDRESS3,TOWN,POSTCODE,SCHSTATUS,OPENDATE,CLOSEDATE,MINORGROUP,SCHOOLTYPE,ISPRIMARY,ISSECONDARY,ISPOST16,AGELOW,AGEHIGH,GENDER,RELCHAR,ADMPOL,School Level
126178,Wiltshire,865,2009,8652009,Bratton Primary School,Carpenter's Lane,Bratton,Carpenters Lane,Westbury,BA13 4RL,Open,,,Maintained school,Community school,1,0,0,4,11,Mixed,Does not apply,Not applicable,Primary
126182,Wiltshire,865,2023,8652023,St Paul's Primary School,The Oaks,,,Chippenham,SN15 1DU,Open,,,Maintained school,Community school,1,0,0,4,11,Mixed,Does not apply,Not applicable,Primary
126188,Wiltshire,865,2034,8652034,Monkton Park Primary School,Sadlers Mead,,,Chippenham,SN15 3PN,Open,,,Maintained school,Community school,1,0,0,4,11,Mixed,Does not apply,Not applicable,Primary
126198,Wiltshire,865,2052,8652052,Hilmarton Primary School,Compton Road,Hilmarton,,Calne,SN11 8SG,Open,,,Maintained school,Community school,1,0,0,4,11,Mixed,Does not apply,Not applicable,Primary
126199,Wiltshire,865,2053,8652053,Horningsham Primary School,Church Street,Horningsham,,WARMINSTER,BA12 7LW,Open,,,Maintained school,Community school,1,0,0,5,11,Mixed,Does not apply,Not applicable,Primary
126200,Wiltshire,865,2060,8652060,Luckington Community School,Luckington,,The Green,Chippenham,SN14 6NU,Open,,,Maintained school,Community school,1,0,0,4,11,Mixed,Does not apply,Not applicable,Primary
126204,Wiltshire,865,2086,8652086,Stanton St Quintin Primary and Nursery School,Stanton St Quintin,,,Nr. Chippenham,SN14 6DQ,Open,,,Maintained school,Community school,1,0,0,4,11,Mixed,Does not apply,Not applicable,Primary
126205,Wiltshire,865,2087,8652087,Ramsbury Primary School,Back Lane,Ramsbury,,Marlborough,SN8 2QH,Open,,,Maintained school,Community school,1,0,0,4,11,Mixed,Does not apply,Not applicable,Primary
126206,Wiltshire,865,2091,8652091,Harnham Infants' School,Saxon Road,,,Salisbury,SP2 8JZ,Open,,,Maintained school,Community school,1,0,0,4,7,Mixed,Does not apply,Not applicable,Primary
126233,Wiltshire,865,2136,8652136,Westbury Infant School,Eden Vale Road,,,Westbury,BA13 3NY,Open,,,Maintained school,Community school,1,0,0,4,7,Mixed,Does not apply,Not applicable,Primary
126235,Wiltshire,865,2140,8652140,Wootton Bassett Infants' School,High Street,Royal Wootton Bassett,,Swindon,SN4 7BS,Open,,,Maintained school,Community school,1,0,0,4,7,Mixed,Does not apply,Not applicable,Primary
126248,Wiltshire,865,2159,8652159,Kiwi Primary School,Hubert Hamilton Road,Bulford Camp,Bulford,Salisbury,SP4 9JY,Open,,,Maintained school,Community school,1,0,0,3,11,Mixed,Does not apply,Not applicable,Primary
126254,Wiltshire,865,2168,8652168,Priestley Primary School,Prince Charles Drive,,,Calne,SN11 8TG,Open,,,Maintained school,Community school,1,0,0,4,11,Mixed,Does not apply,Not applicable,Primary
126260,Wiltshire,865,2180,8652180,Redland Primary School,Brook Street,,,Chippenham,SN14 0JE,Open,,,Maintained school,Community school,1,0,0,4,11,Mixed,Does not apply,Not applicable,Primary
126262,Wiltshire,865,2184,8652184,Longleaze Primary School,Byron Avenue,Royal Wootton Bassett,,Swindon,SN4 8BA,Open,,,Maintained school,Foundation school,1,0,0,4,11,Mixed,Does not apply,Not applicable,Primary
126263,Wiltshire,865,2185,8652185,Mere School,Springfield Road,Mere,,Warminster,BA12 6EW,Open,,,Maintained school,Community school,1,0,0,4,11,Mixed,Does not apply,Not applicable,Primary
126264,Wiltshire,865,2190,8652190,Woodlands Primary School,Winding Way,,,Salisbury,SP2 9DY,Open,,,Maintained school,Community school,1,0,0,2,11,Mixed,Does not apply,Not applicable,Primary
126265,Wiltshire,865,2191,8652191,"Salisbury, Manor Fields Primary School",Wilton Road,,,Salisbury,SP2 7EJ,Open,,,Maintained school,Community school,1,0,0,5,11,Mixed,Does not apply,Not applicable,Primary
126269,Wiltshire,865,2196,8652196,Holbrook Primary School,Holbrook Lane,,,Trowbridge,BA14 0PS,Open,,,Maintained school,Community school,1,0,0,4,11,Mixed,Does not apply,Not applicable,Primary
126289,Wiltshire,865,2222,8652222,Walwayne Court School,Brook Road,,,Trowbridge,BA14 9DU,Open,,,Maintained school,Community school,1,0,0,4,11,Mixed,Does not apply,Not applicable,Primary
126291,Wiltshire,865,2225,8652225,Bitham Brook Primary School,Arundell Close,,,Westbury,BA13 3UA,Open,,,Maintained school,Community school,1,0,0,4,11,Mixed,Does not apply,Non-selective,Primary
126293,Wiltshire,865,2227,8652227,Newtown Community Primary School,Newtown,,,Trowbridge,BA14 0BB,Open,,,Maintained school,Community school,1,0,0,4,11,Mixed,Does not apply,Not applicable,Primary
126297,Wiltshire,865,3002,8653002,Ashton Keynes Church of England Primary School,Gosditch,Ashton Keynes,,Swindon,SN6 6NZ,Open,,,Maintained school,Voluntary controlled school,1,0,0,4,11,Mixed,Church of England,Not applicable,Primary
126303,Wiltshire,865,3015,8653015,Christ Church Church of England Controlled Primary School,Berryfield Road,,Christ Church Ce Vc Primary School,Bradford-on-Avon,BA15 1ST,Open,,,Maintained school,Voluntary controlled school,1,0,0,4,11,Mixed,Church of England,Not applicable,Primary
126305,Wiltshire,865,3018,8653018,Broad Hinton Church of England Primary School,Broad Hinton,,,Swindon,SN4 9PQ,Open,,,Maintained school,Voluntary controlled school,1,0,0,4,11,Mixed,Church of England,Not applicable,Primary
126306,Wiltshire,865,3019,8653019,Broad Town Church of England Primary School,Broad Town,Wootton Bassett,,Swindon,SN4 7RE,Open,,,Maintained school,Voluntary controlled school,1,0,0,4,11,Mixed,Church of England,Not applicable,Primary
126313,Wiltshire,865,3035,8653035,Cherhill CofE School,Middle Lane,Cherhill,,Calne,SN11 8XX,Open,,,Maintained school,Voluntary aided school,1,0,0,4,11,Mixed,Church of England,Non-selective,Primary
126316,Wiltshire,865,3040,8653040,Colerne CofE Primary School,Quarry Lane,Colerne,,Chippenham,SN14 8DU,Open,,,Maintained school,Voluntary controlled school,1,0,0,4,11,Mixed,Church of England,Not applicable,Primary
126317,Wiltshire,865,3045,8653045,St Sampson's Church of England Primary School,Bath Road,Cricklade,,Swindon,SN6 6AX,Open,,,Maintained school,Voluntary controlled school,1,0,0,4,11,Mixed,Church of England,Not applicable,Primary
126318,Wiltshire,865,3047,8653047,Crockerton CofE Primary School,Potters Hill,Crockerton,,Warminster,BA12 8AB,Open,,,Maintained school,Voluntary aided school,1,0,0,4,11,Mixed,Church of England,Not applicable,Primary
126319,Wiltshire,865,3048,8653048,Crudwell CofE Primary School,Crudwell,,,Malmesbury,SN16 9ER,Open,,,Maintained school,Voluntary controlled school,1,0,0,4,11,Mixed,Church of England,Not applicable,Primary
126320,Wiltshire,865,3049,8653049,Collingbourne Church of England Primary School,Chicks Lane,Collingbourne Ducis,,Marlborough,SN8 3UH,Open,,,Maintained school,Voluntary controlled school,1,0,0,4,11,Mixed,Church of England,Not applicable,Primary
126324,Wiltshire,865,3063,8653063,Durrington Church of England Controlled Junior School,Bulford Road,Durrington,,Salisbury,SP4 8DL,Open,,,Maintained school,Voluntary controlled school,1,0,0,7,11,Mixed,Church of England,Not applicable,Primary
126327,Wiltshire,865,3086,8653086,Heddington Church of England Primary School,Church Road,Heddington,Heddington Primary School,Calne,SN11 0PJ,Open,,,Maintained school,Voluntary aided school,1,0,0,4,11,Mixed,Church of England,Not applicable,Primary
126328,Wiltshire,865,3088,8653088,Hilperton Church of England Voluntary Controlled Primary School,Newleaze,Hilperton,,Trowbridge,BA14 7SB,Open,,,Maintained school,Voluntary controlled school,1,0,0,4,11,Mixed,Church of England,Not applicable,Primary
126329,Wiltshire,865,3090,8653090,Holt Voluntary Controlled Primary School,The Gravel,Holt,,Trowbridge,BA14 6RA,Open,,,Maintained school,Voluntary controlled school,1,0,0,4,11,Mixed,Church of England/United Reformed Church,Not applicable,Primary
126330,Wiltshire,865,3091,8653091,Hullavington CofE Primary and Nursery School,Hullavington,,,Chippenham,SN14 6EF,Open,,,Maintained school,Voluntary controlled school,1,0,0,2,11,Mixed,Church of England,Not applicable,Primary
126332,Wiltshire,865,3096,8653096,Kington St Michael Church of England Primary School,The Ridings,Kington St Michael,,Chippenham,SN14 6JG,Open,,,Maintained school,Voluntary controlled school,1,0,0,5,11,Mixed,Church of England,Not applicable,Primary
126333,Wiltshire,865,3100,8653100,Lacock Church of England Primary School,High Street,Lacock,,Chippenham,SN15 2LQ,Open,,,Maintained school,Voluntary controlled school,1,0,0,4,11,Mixed,Church of England,Not applicable,Primary
126334,Wiltshire,865,3102,8653102,Langley Fitzurse Church of England Primary School,"Langley Fitzurse C of E Primary School, Middle Common",Kington Langley,,Chippenham,SN15 5NN,Open,,,Maintained school,Voluntary controlled school,1,0,0,4,11,Mixed,Church of England,Not applicable,Primary
126335,Wiltshire,865,3104,8653104,Lea and Garsdon Church of England Primary School,The Street,Lea,,Malmesbury,SN16 9PG,Open,,,Maintained school,Voluntary controlled school,1,0,0,4,11,Mixed,Church of England,Not applicable,Primary
126343,Wiltshire,865,3134,8653134,Newton Tony Church of England Voluntary Controlled School,Newton Tony,,,Salisbury,SP4 0HF,Open,,,Maintained school,Voluntary controlled school,1,0,0,5,11,Mixed,Church of England,Not applicable,Primary
126345,Wiltshire,865,3140,8653140,Oaksey CofE Primary School,The Street,Oaksey,,Malmesbury,SN16 9TG,Open,,,Maintained school,Voluntary controlled school,1,0,0,4,11,Mixed,Church of England,Not applicable,Primary
126349,Wiltshire,865,3149,8653149,Preshute Church of England Primary School,High Street,Manton,,Marlborough,SN8 4HH,Open,,,Maintained school,Voluntary controlled school,1,0,0,4,11,Mixed,Church of England,Not applicable,Primary
126350,Wiltshire,865,3150,8653150,"St Mary's Church of England Primary School & Nursery, Purton",College Road,Purton,,Swindon,SN5 4AR,Open,,,Maintained school,Voluntary controlled school,1,0,0,2,11,Mixed,Church of England,Not applicable,Primary
126351,Wiltshire,865,3158,8653158,Harnham Church of England Controlled Junior School,Saxon Road,Harnham,,Salisbury,SP2 8JZ,Open,,,Maintained school,Voluntary controlled school,1,0,0,7,11,Mixed,Church of England,Not applicable,Primary
126356,Wiltshire,865,3163,8653163,Sherston CofE Primary School,Knockdown Road,Sherston,,Malmesbury,SN16 0NJ,Open,,,Maintained school,Voluntary controlled school,1,0,0,4,11,Mixed,Church of England,Not applicable,Primary
126360,Wiltshire,865,3170,8653170,Staverton Church of England Voluntary Controlled Primary School,School Lane,Staverton,,Trowbridge,BA14 6NZ,Open,,,Maintained school,Voluntary controlled school,1,0,0,4,11,Mixed,Church of England,Not applicable,Primary
126361,Wiltshire,865,3172,8653172,Stratford-sub-Castle Church of England Voluntary Controlled Primary School,Stratford Road,Stratford-sub-Castle,,Salisbury,SP1 3LL,Open,,,Maintained school,Voluntary controlled school,1,0,0,4,11,Mixed,Church of England,Not applicable,Primary
126362,Wiltshire,865,3174,8653174,Sutton Veny CofE School,High Street,,,Sutton Veny,BA12 7AP,Open,,,Maintained school,Voluntary controlled school,1,0,0,4,11,Mixed,Church of England,Not applicable,Primary
126368,Wiltshire,865,3191,8653191,The Minster CofE Primary School,Emwell Street,,,Warminster,BA12 8JA,Open,,,Maintained school,Voluntary controlled school,1,0,0,4,11,Mixed,Church of England,Not applicable,Primary
126369,Wiltshire,865,3192,8653192,Westbury Church of England Junior School,Oldfield Park,,,Westbury,BA13 3LY,Open,,,Maintained school,Voluntary controlled school,1,0,0,7,11,Mixed,Church of England,Not applicable,Primary
126374,Wiltshire,865,3205,8653205,Sambourne Church of England Voluntary Controlled Primary School,Sambourne Road,,,Warminster,BA12 8LF,Open,,,Maintained school,Voluntary controlled school,1,0,0,4,11,Mixed,Church of England,Not applicable,Primary
126379,Wiltshire,865,3220,8653220,Minety Church of England Primary School,Sawyers Hill,Minety,,Malmesbury,SN16 9QL,Open,,,Maintained school,Voluntary controlled school,1,0,0,4,11,Mixed,Church of England,Not applicable,Primary
126382,Wiltshire,865,3229,8653229,Coombe Bissett Church of England Primary School,Shutts Lane,Coombe Bissett,,Salisbury,SP5 4LU,Open,,,Maintained school,Voluntary aided school,1,0,0,4,11,Mixed,Church of England,Not applicable,Primary
126388,Wiltshire,865,3239,8653239,"St John's Church of England Primary School, Tisbury",Weaveland Road,Tisbury,,Salisbury,SP3 6HJ,Open,,,Maintained school,Voluntary controlled school,1,0,0,4,11,Mixed,Church of England,Not applicable,Primary
126390,Wiltshire,865,3242,8653242,Brinkworth Earl Danby's Church of England Primary,School Hill,Brinkworth,,Chippenham,SN15 5AX,Open,,,Maintained school,Voluntary controlled school,1,0,0,4,11,Mixed,Church of England,Not applicable,Primary
126392,Wiltshire,865,3300,8653300,St Michael's CofE Aided Primary,Back Lane,Aldbourne,,Marlborough,SN8 2BP,Open,,,Maintained school,Voluntary aided school,1,0,0,4,11,Mixed,Church of England,Not applicable,Primary
126394,Wiltshire,865,3306,8653306,Baydon St Nicholas Church of England Primary School,Ermin Street,Baydon,,Marlborough,SN8 2JJ,Open,,,Maintained school,Voluntary aided school,1,0,0,4,11,Mixed,Church of England,Not applicable,Primary
126397,Wiltshire,865,3318,8653318,Chilton Foliat Church of England Primary School,Stag Hill,Chilton Foliat,,Hungerford,RG17 0TF,Open,,,Maintained school,Voluntary aided school,1,0,0,4,11,Mixed,Church of England,Not applicable,Primary
126400,Wiltshire,865,3330,8653330,Derry Hill Church of England Voluntary Aided Primary School,Church Road,Derry Hill,,Calne,SN11 9NN,Open,,,Maintained school,Voluntary aided school,1,0,0,5,11,Mixed,Church of England,Not applicable,Primary
126411,Wiltshire,865,3383,8653383,Sarum St Paul's CofE (VA) Primary School,Westminster Road,,Westminster Road,Salisbury,SP2 7DG,Open,,,Maintained school,Voluntary aided school,1,0,0,4,11,Mixed,Church of England,Not applicable,Primary
126419,Wiltshire,865,3402,8653402,Whiteparish All Saints Church of England Primary School,Common Road,Whiteparish,,Salisbury,SP5 2SU,Open,,,Maintained school,Voluntary aided school,1,0,0,4,11,Mixed,Church of England,Not applicable,Primary
126424,Wiltshire,865,3418,8653418,"St Joseph's Catholic Primary School, Malmesbury",Holloway Hill,,Holloway,Malmesbury,SN16 9BB,Open,,,Maintained school,Voluntary aided school,1,0,0,4,11,Mixed,Roman Catholic,Not applicable,Primary
126425,Wiltshire,865,3425,8653425,"St Osmund's Catholic Primary School, Salisbury",Exeter Street,,,Salisbury,SP1 2SG,Open,,,Maintained school,Voluntary aided school,1,0,0,4,11,Mixed,Roman Catholic,Not applicable,Primary
126429,Wiltshire,865,3430,8653430,"St John's Catholic Primary School, Trowbridge",Wingfield Road,,,Trowbridge,BA14 9EA,Open,,,Maintained school,Voluntary aided school,1,0,0,4,11,Mixed,Roman Catholic,Not applicable,Primary
126430,Wiltshire,865,3435,8653435,Wardour Catholic Primary School,Wardour,,,Tisbury,SP3 6RF,Open,,,Maintained school,Voluntary aided school,1,0,0,4,11,Mixed,Roman Catholic,Not applicable,Primary
126431,Wiltshire,865,3437,8653437,"St Patrick's Catholic Primary School, Corsham",Lacock Road,,,Corsham,SN13 9HS,Open,,,Maintained school,Voluntary aided school,1,0,0,4,11,Mixed,Roman Catholic,Not applicable,Primary
126438,Wiltshire,865,3453,8653453,Chilmark and Fonthill Bishop Church of England Aided Primary School,The Street,Chilmark,,Salisbury,SP3 5AR,Open,,,Maintained school,Voluntary aided school,1,0,0,4,11,Mixed,Church of England,Not applicable,Primary
126439,Wiltshire,865,3454,8653454,Semley Church of England Voluntary Aided Primary School,Semley,,Semley School,Shaftesbury,SP7 9AU,Open,,,Maintained school,Voluntary aided school,1,0,0,4,11,Mixed,Church of England,Not applicable,Primary
126444,Wiltshire,865,3459,8653459,"Hindon Church of England Voluntary Aided Primary School, St Mary's and St John's",School Lane,Hindon,.,Salisbury,SP3 6EA,Open,,,Maintained school,Voluntary aided school,1,0,0,4,11,Mixed,Church of England,Not applicable,Primary
126446,Wiltshire,865,3461,8653461,Kennet Valley Church of England Aided Primary School,Lockeridge,,,Marlborough,SN8 4EL,Open,,,Maintained school,Voluntary aided school,1,0,0,4,11,Mixed,Church of England,Not applicable,Primary
126458,Wiltshire,865,4070,8654070,The Stonehenge School,Holders Road,,,Amesbury,SP4 7PW,Open,,,Maintained school,Community school,0,1,0,11,16,Mixed,Does not apply,Non-selective,SECONDARY
126473,Wiltshire,865,4610,8654610,St Joseph's Catholic School,Church Road,Laverstock,,Salisbury,SP1 1QY,Open,,,Maintained school,Voluntary aided school,0,1,0,11,16,Mixed,Roman Catholic,Non-selective,SECONDARY
126475,Wiltshire,865,5201,8655201,Downton CofE VA Primary School,Gravel Close,Downton,,Salisbury,SP5 3LZ,Open,,,Maintained school,Voluntary aided school,1,0,0,4,11,Mixed,Church of England,Not applicable,Primary
126479,Wiltshire,865,5205,8655205,Frogwell Primary School,Derriads Lane,,,Chippenham,SN14 0DG,Open,,,Maintained school,Foundation school,1,0,0,4,11,Mixed,,Not applicable,Primary
126481,Wiltshire,865,5207,8655207,"St George's Catholic Primary School, Warminster",Woodcock Road,,,Warminster,BA12 9EZ,Open,,,Maintained school,Voluntary aided school,1,0,0,4,11,Mixed,Roman Catholic,Not applicable,Primary
126489,Wiltshire,865,5215,8655215,Ludgershall Castle Primary School,Short Street,Ludgershall,,Andover,SP11 9RB,Open,,,Maintained school,Foundation school,1,0,0,4,11,Mixed,,Not applicable,Primary
126492,Wiltshire,865,5218,8655218,Clarendon Junior School (Clarendon Federation),Ordnance Road,,,Tidworth,SP9 7QD,Open,,,Maintained school,Foundation school,1,0,0,7,11,Mixed,,Not applicable,Primary
126493,Wiltshire,865,5219,8655219,Clarendon Infants' School,Ordnance Road,,,Tidworth,SP9 7QD,Open,,,Maintained school,Foundation school,1,0,0,4,7,Mixed,,Not applicable,Primary
126510,Wiltshire,865,5415,8655415,Matravers School,Springfield Road,,,Westbury,BA13 3QH,Open,,,Maintained school,Foundation school,0,1,1,11,18,Mixed,,Non-selective,SECONDARY
126512,Wiltshire,865,6001,8656001,Stonar School,Cottles Park,Atworth,Melksham,Wiltshire,SN12 8NT,Open,,,Independent school,Other independent school,1,1,1,2,18,Mixed,,Non-selective,Primary
126513,Wiltshire,865,6016,8656016,St Marys Calne and St Margarets Prep,63 Curzon Street,,,Calne,SN11 0DF,Open,,,Independent school,Other independent school,1,1,1,2,18,Mixed,Church of England,Not applicable,Primary
126516,Wiltshire,865,6013,8656013,Marlborough College,Marlborough College,Bath Road,Marlborough,Wiltshire,SN8 1PA,Open,,,Independent school,Other independent school,0,1,1,13,19,Mixed,Church of England,Not applicable,SECONDARY
126517,Wiltshire,865,6014,8656014,Chafyn Grove School,Bourne Avenue,,,Salisbury,SP1 1LR,Open,,,Independent school,Other independent school,1,1,0,3,14,Mixed,,Non-selective,Primary
126518,Wiltshire,865,6022,8656022,Salisbury Cathedral School,1 The Close,,,Salisbury,SP1 2EQ,Open,,,Independent school,Other independent school,1,1,0,2,13,Mixed,,Non-selective,Primary
126519,Wiltshire,865,6006,8656006,Godolphin School,Milford Hill,Salisbury,,,SP1 2RA,Open,,,Independent school,Other independent school,1,1,1,3,19,Mixed,,Not applicable,Primary
126521,Wiltshire,865,6004,8656004,Sandroyd School,Rushmore House,Tollard Royal,,Salisbury,SP5 5QD,Open,,,Independent school,Other independent school,1,1,0,2,13,Mixed,,Not applicable,Primary
126522,Wiltshire,865,6009,8656009,Warminster School,Church Street,Warminster,Wiltshire,Warminster,BA12 8PJ,Open,,,Independent school,Other independent school,1,1,1,2,19,Mixed,,Non-selective,Primary
126523,Wiltshire,865,6005,8656005,Avondale Preparatory School,High Street,Bulford,,Salisbury,SP4 9DR,Open,,,Independent school,Other independent school,1,0,0,2,11,Mixed,,Non-selective,Primary
126524,Wiltshire,865,6023,8656023,Heywood Prep,The Priory,Priory Street,,Corsham,SN13 0AP,Open,,,Independent school,Other independent school,1,0,0,2,11,Mixed,,Non-selective,Primary
126526,Wiltshire,865,6010,8656010,St Francis School,Marlborough Road,,,Pewsey,SN9 5NT,Open,,,Independent school,Other independent school,1,1,0,1,13,Mixed,,Non-selective,Primary
126528,Wiltshire,865,6026,8656026,Leehurst Swan School,19 Campbell Road,Salisbury,,,SP1 3BQ,Open,,,Independent school,Other independent school,1,1,0,4,16,Mixed,Christian,Selective,Primary
126532,Wiltshire,865,6007,8656007,Dauntsey's School,West Lavington,,,Devizes,SN10 4HE,Open,,,Independent school,Other independent school,0,1,1,11,18,Mixed,Christian,Selective,SECONDARY
126533,Wiltshire,865,6028,8656028,Cricklade Manor Prep,Manor House,Calcutt Street,Calcutt Street,Swindon,SN6 6BB,Open,,,Independent school,Other independent school,1,0,0,2,11,Mixed,,Non-selective,Primary
126535,Wiltshire,865,6008,8656008,Appleford School,Elston Lane,Shrewton,,Salisbury,SP3 4HL,Open,,,Special school,Other independent special school,1,1,1,7,18,Mixed,,Not applicable,Primary
126550,Wiltshire,865,7007,8657007,Downland School,Downlands Road,,,Devizes,SN10 5EF,Open,,,Special school,Community special school,1,1,0,10,16,Mixed,Does not apply,Not applicable,Primary
131743,Wiltshire,865,6032,8656032,Emmaus School,School Lane,Staverton,,Trowbridge,BA14 6NZ,Open,,,Independent school,Other independent school,1,1,0,4,16,Mixed,,Not applicable,Primary
132093,Wiltshire,865,2003,8652003,Fynamore Primary School,School Road,,,Calne,SN11 9UG,Open,,,Maintained school,Community school,1,0,0,4,11,Mixed,Does not apply,Not applicable,Primary
132779,Wiltshire,865,8001,8658001,Wiltshire College and University Centre,Cocklebury Road,,,Chippenham,SN15 3QD,Open,,,College,Further education,0,0,1,16,99,Mixed,,Not applicable,Post-16
132832,Wiltshire,865,2005,8652005,Nursteed Community Primary School,Brickley Lane,,,Devizes,SN10 3BF,Open,,,Maintained school,Community school,1,0,0,4,11,Mixed,Does not apply,Not applicable,Primary
134460,Wiltshire,865,6037,8656037,Oneschool Global Uk Salisbury Campus,The Hollows,Wilton,,Salisbury,SP2 0JE,Open,,,Independent school,Other independent school,1,1,1,7,18,Mixed,Plymouth Brethren Christian Church,Not applicable,Primary
134977,Wiltshire,865,3465,8653465,Wylye Valley Church of England Voluntary Aided Primary School,Cherry Orchard,Codford,,Warminster,BA12 0PN,Open,,,Maintained school,Voluntary aided school,1,0,0,5,11,Mixed,Church of England,Not applicable,Primary
135177,Wiltshire,865,3471,8653471,Lyneham Primary School,Preston Lane,Lyneham,,Chippenham,SN15 4QJ,Open,,,Maintained school,Foundation school,1,0,0,4,11,Mixed,Does not apply,Not applicable,Primary
135804,Wiltshire,865,6905,8656905,The Wellington Academy,Tidworth Road,,,Ludgershall,SP11 9RR,Open,,,Academy,Academy sponsor led,0,1,1,11,19,Mixed,Does not apply,Non-selective,SECONDARY
136019,Wiltshire,865,6043,8656043,On Track Education Centre Westbury,Broadway House,Headquarters Road,West Wiltshire Trading Estate,Westbury,BA13 4JY,Open,,,Special school,Other independent special school,0,1,1,11,18,Mixed,,Not applicable,SECONDARY
136183,Wiltshire,865,6906,8656906,Sarum Academy,Westwood Road,,,Salisbury,SP2 9HS,Open,,,Academy,Academy sponsor led,0,1,1,11,18,Mixed,Church of England,Non-selective,SECONDARY
136296,Wiltshire,865,5414,8655414,Hardenhuish School,Hardenhuish Lane,,,Chippenham,SN14 6RJ,Open,,,Academy,Academy converter,0,1,1,11,18,Mixed,,Non-selective,SECONDARY
136389,Wiltshire,865,5402,8655402,Lavington School,The Spring,Market Lavington,,Devizes,SN10 4EB,Open,,,Academy,Academy converter,0,1,1,11,18,Mixed,,Non-selective,SECONDARY
136391,Wiltshire,865,5412,8655412,South Wilts Grammar School,Stratford Road,,,Salisbury,SP1 3JJ,Open,,,Academy,Academy converter,0,1,1,11,18,Girls,,Selective,SECONDARY
136500,Wiltshire,865,5413,8655413,Bishop Wordsworth's Church of England Grammar School,Exeter Street,,,Salisbury,SP1 2ED,Open,,,Academy,Academy converter,0,1,1,11,18,Boys,Church of England,Selective,SECONDARY
136611,Wiltshire,865,4066,8654066,The Corsham School,The Tynings,,,Corsham,SN13 9DF,Open,,,Academy,Academy converter,0,1,1,11,18,Mixed,Does not apply,Non-selective,SECONDARY
136630,Wiltshire,865,2028,8652028,Corsham Primary School,Pound Pill,,,Corsham,SN13 9YW,Open,,,Academy,Academy converter,1,0,0,4,11,Mixed,Does not apply,Not applicable,Primary
136632,Wiltshire,865,5404,8655404,Sheldon School,Hardenhuish Lane,,,Chippenham,SN14 6HJ,Open,,,Academy,Academy converter,0,1,1,11,18,Mixed,,Non-selective,SECONDARY
136911,Wiltshire,865,4067,8654067,Royal Wootton Bassett Academy,Lime Kiln,Royal Wootton Bassett,,Swindon,SN4 7HG,Open,,,Academy,Academy converter,0,1,1,11,18,Mixed,,Non-selective,SECONDARY
137057,Wiltshire,865,4537,8654537,St Laurence School,Ashley Road,,,Bradford-on-Avon,BA15 1DZ,Open,,,Academy,Academy converter,0,1,1,11,18,Mixed,Church of England/Christian,Non-selective,SECONDARY
137230,Wiltshire,865,4072,8654072,Kingdown School,Woodcock Road,,,Warminster,BA12 9DR,Open,,,Academy,Academy converter,0,1,1,11,18,Mixed,Does not apply,Non-selective,SECONDARY
137308,Wiltshire,865,4064,8654064,Malmesbury School,Corn Gastons,,,Malmesbury,SN16 0DF,Open,,,Academy,Academy converter,0,1,1,11,18,Mixed,,Non-selective,SECONDARY
137371,Wiltshire,865,5214,8655214,"St Joseph's Catholic Primary School, Devizes",St Joseph's Place,,,Devizes,SN10 1DD,Open,,,Academy,Academy converter,1,0,0,4,11,Mixed,Roman Catholic,Not applicable,Primary
137375,Wiltshire,865,5400,8655400,St Augustine's Catholic College,Wingfield Road,,,Trowbridge,BA14 9EN,Open,,,Academy,Academy converter,0,1,1,11,18,Mixed,Roman Catholic,Non-selective,SECONDARY
137411,Wiltshire,865,3456,8653456,The Holy Trinity Church of England Primary Academy,Townsend,Great Cheverell,,Devizes,SN10 5TL,Open,,,Academy,Academy converter,1,0,0,4,11,Mixed,Church of England,Not applicable,Primary
137426,Wiltshire,865,5204,8655204,Saint Edmund's Roman Catholic Primary School,Duncan Street,,,Calne,SN11 9BX,Open,,,Academy,Academy converter,1,0,0,4,11,Mixed,Roman Catholic,Not applicable,Primary
137650,Wiltshire,865,5406,8655406,Kingsbury Green Academy,White Horse Way,,,Calne,SN11 8YH,Open,,,Academy,Academy converter,0,1,1,11,18,Mixed,,Non-selective,SECONDARY
138020,Wiltshire,865,4075,8654075,The John of Gaunt School,Wingfield Road,,,Trowbridge,BA14 9EH,Open,,,Academy,Academy converter,0,1,1,11,18,Mixed,Does not apply,Non-selective,SECONDARY
138109,Wiltshire,865,5213,8655213,Holy Trinity Church of England Academy,Quemerford,,,Calne,SN11 0AR,Open,,,Academy,Academy converter,1,0,0,4,11,Mixed,Church of England,Not applicable,Primary
138112,Wiltshire,865,3244,8653244,By Brook Valley CofE Primary School,The Street,Yatton Keynell,,Chippenham,SN14 7BA,Open,,,Academy,Academy converter,1,0,0,4,11,Mixed,Church of England,Not applicable,Primary
138133,Wiltshire,865,2006,8652006,The Mead Community Primary School,Hackett Place,Hilperton,,Trowbridge,BA14 7GN,Open,,,Academy,Academy converter,1,0,0,2,11,Mixed,Does not apply,Not applicable,Primary
138188,Wiltshire,865,3407,8653407,Woodford Valley Church of England Aided School,Middle Woodford,,,Salisbury,SP4 6NR,Open,,,Academy,Academy converter,1,0,0,4,11,Mixed,Church of England,Not applicable,Primary
138623,Wiltshire,865,5405,8655405,St John's Marlborough,Granham Hill,,,Marlborough,SN8 4AX,Open,,,Academy,Academy converter,0,1,1,11,18,Mixed,,Non-selective,SECONDARY
138629,Wiltshire,865,2040,8652040,Easton Royal Academy,The Street,Easton Royal,,Pewsey,SN9 5LZ,Open,,,Academy,Academy converter,1,0,0,4,11,Mixed,Does not apply,Not applicable,Primary
138630,Wiltshire,865,5411,8655411,Devizes School,The Green,,,Devizes,SN10 3AG,Open,,,Academy,Academy converter,0,1,1,11,18,Mixed,,Non-selective,SECONDARY
138885,Wiltshire,865,4002,8654002,The Clarendon Academy,Frome Road,,,Trowbridge,BA14 0DJ,Open,,,Academy,Academy sponsor led,0,1,1,11,18,Mixed,,Non-selective,SECONDARY
139023,Wiltshire,865,2000,8652000,The Corsham Regis Primary Academy,Kings Avenue,,"Corsham Regis Primary Academy, Kings Avenue",Corsham,SN13 0EG,Open,,,Academy,Academy sponsor led,1,0,0,4,11,Mixed,Does not apply,Not applicable,Primary
139260,Wiltshire,865,2010,8652010,River Mead School,Lowbourne,,,Melksham,SN12 7ED,Open,,,Academy,Academy sponsor led,1,0,0,2,11,Mixed,,Not applicable,Primary
139281,Wiltshire,865,2011,8652011,Willowbrook Primary School,Broadcloth Lane,,,Trowbridge,BA14 7HE,Open,,,Academy,Academy sponsor led,1,0,0,4,11,Mixed,Does not apply,Not applicable,Primary
139303,Wiltshire,865,2193,8652193,Wansdyke School,Downlands Road,,,Devizes,SN10 5EF,Open,,,Academy,Academy converter,1,0,0,4,11,Mixed,Does not apply,Not applicable,Primary
139381,Wiltshire,865,2013,8652013,Burbage Primary School,Blackmans Lane,Off Ailesbury Way,Burbage,Marlborough,SN8 3TP,Open,,,Academy,Academy sponsor led,1,0,0,2,11,Mixed,Does not apply,Not applicable,Primary
139386,Wiltshire,865,2014,8652014,Pembroke Park Primary School,Devizes Road,,,Salisbury,SP2 9LY,Open,,,Academy,Academy sponsor led,1,0,0,3,11,Mixed,Does not apply,Not applicable,Primary
139753,Wiltshire,865,3117,8653117,Malmesbury Church of England Primary School,Tetbury Hill,,,Malmesbury,SN16 9JR,Open,,,Academy,Academy converter,1,0,0,4,11,Mixed,Church of England,Not applicable,Primary
139980,Wiltshire,865,3401,8653401,Dauntsey Academy Primary School,Sandfield,West Lavington,,Devizes,SN10 4HY,Open,,,Academy,Academy converter,1,0,0,4,11,Mixed,Christian,Non-selective,Primary
140112,Wiltshire,865,3366,8653366,Morgan's Vale and Woodfalls Church of England Primary School,Morgans Vale Road,Redlynch,,Salisbury,SP5 2HU,Open,,,Academy,Academy converter,1,0,0,2,11,Mixed,Church of England,Not applicable,Primary
140223,Wiltshire,865,2015,8652015,Castle Mead School,Mascroft Road,Hilperton,,Trowbridge,BA14 6GD,Open,,,Academy,Academy sponsor led,1,0,0,2,11,Mixed,,Not applicable,Primary
140224,Wiltshire,865,2016,8652016,Wellington Lions Primary Academy,Oatway Road,,,Tidworth,SP9 7FP,Open,,,Academy,Academy sponsor led,1,0,0,4,11,Mixed,Does not apply,Not applicable,Primary
140351,Wiltshire,865,2017,8652017,Whitesheet Church of England Primary Academy,Chapel Lane,Zeals,,Warminster,BA12 6NL,Open,,,Academy,Academy sponsor led,1,0,0,4,11,Mixed,Church of England,Not applicable,Primary
140352,Wiltshire,865,2018,8652018,Southbroom St James Academy,Nursteed Road,,,Devizes,SN10 3AH,Open,,,Academy,Academy sponsor led,1,0,0,7,11,Mixed,Church of England,Not applicable,Primary
140454,Wiltshire,865,3038,8653038,Christian Malford CofE Primary School,Church Road,Christian Malford,,Chippenham,SN15 4BW,Open,,,Academy,Academy converter,1,0,0,2,11,Mixed,Church of England,Not applicable,Primary
140621,Wiltshire,865,4004,8654004,Salisbury Sixth Form College,66-78 Tollgate Road,,,Salisbury,SP1 2JJ,Open,,,College,Free schools 16 to 19,0,0,1,16,19,Mixed,Does not apply,,Post-16
140685,Wiltshire,865,2019,8652019,Zouch Academy,Wavell Road,,,Tidworth,SP9 7JF,Open,,,Academy,Academy sponsor led,1,0,0,3,11,Mixed,,,Primary
140699,Wiltshire,865,5224,8655224,Netheravon All Saints CofE Primary School,High Street,Netheravon,,Salisbury,SP4 9PJ,Open,,,Academy,Academy converter,1,0,0,5,11,Mixed,Church of England,Not applicable,Primary
140742,Wiltshire,865,2208,8652208,Pewsey Primary School,Wilcot Road,,,Pewsey,SN9 5EJ,Open,,,Academy,Academy converter,1,0,0,4,11,Mixed,Does not apply,Not applicable,Primary
141142,Wiltshire,865,3203,8653203,St Bartholomew's Primary Academy,The Rosary,,,Royal Wootton Bassett,SN4 8AZ,Open,,,Academy,Academy converter,1,0,0,4,11,Mixed,Church of England,Not applicable,Primary
141148,Wiltshire,865,3207,8653207,Dilton Marsh CofE Primary School,High Street,Dilton Marsh,,Westbury,BA13 4DY,Open,,,Academy,Academy converter,1,0,0,4,11,Mixed,Church of England,Not applicable,Primary
141272,Wiltshire,865,2228,8652228,Queen's Crescent School,Windsor Close,,,Chippenham,SN14 0QT,Open,,,Academy,Academy converter,1,0,0,4,11,Mixed,Does not apply,Not applicable,Primary
141274,Wiltshire,865,3319,8653319,St Peter's CofE Academy,Lord's Mead,,,Chippenham,SN14 0LL,Open,,,Academy,Academy converter,1,0,0,4,11,Mixed,Church of England,Not applicable,Primary
141619,Wiltshire,865,2021,8652021,The Avenue Primary School and Children's Centre,7 The Avenue,,The Avenue Primary School and Childrens Centre,Warminster,BA12 9AA,Open,,,Academy,Academy sponsor led,1,0,0,3,11,Mixed,,Not applicable,Primary
141645,Wiltshire,865,3176,8653176,"St Mark's CofE Junior School, Salisbury",Somerset Road,,,Salisbury,SP1 3BL,Open,,,Academy,Academy converter,1,0,0,7,11,Mixed,Church of England,Not applicable,Primary
141646,Wiltshire,865,2157,8652157,Wyndham Park Infants' School,Somerset Road,,,Salisbury,SP1 3BL,Open,,,Academy,Academy converter,1,0,0,5,7,Mixed,Does not apply,Not applicable,Primary
141647,Wiltshire,865,7008,8657008,Exeter House Special School,Somerset Road,,,Salisbury,SP1 3BL,Open,,,Special school,Academy special converter,1,1,1,2,19,Mixed,Does not apply,Not applicable,Primary
141912,Wiltshire,865,3141,8653141,Oare Church of England Primary School,Cold Blow,Oare,,Marlborough,SN8 4JL,Open,,,Academy,Academy converter,1,0,0,4,11,Mixed,Church of England,Not applicable,Primary
141913,Wiltshire,865,3143,8653143,Ogbourne CofE Primary School,High Street,Ogbourne St George,,Marlborough,SN8 1SU,Open,,,Academy,Academy converter,1,0,0,4,11,Mixed,Church of England,Not applicable,Primary
141919,Wiltshire,865,3388,8653388,Seend Church of England Primary School,24 School Road,Seend,,Melksham,SN12 6NJ,Open,,,Academy,Academy converter,1,0,0,4,11,Mixed,Church of England,Not applicable,Primary
141987,Wiltshire,865,2024,8652024,The Trinity Church of England Primary Academy,Quakers Road,,,Devizes,SN10 2FH,Open,,,Academy,Academy sponsor led,1,0,0,4,11,Mixed,Church of England,Not applicable,Primary
141988,Wiltshire,865,2025,8652025,Marden Vale CofE Academy,William Street,,,Calne,SN11 9BD,Open,,,Academy,Academy sponsor led,1,0,0,4,11,Mixed,Church of England,Not applicable,Primary
142292,Wiltshire,865,3457,8653457,Somerfords' Walter Powell CofE Academy,Dauntsey Road,Great Somerford,,Chippenham,SN15 5HS,Open,,,Academy,Academy converter,1,0,0,2,11,Mixed,Church of England,Not applicable,Primary
142293,Wiltshire,865,3110,8653110,Lydiard Millicent CofE Primary School,The Butts,Lydiard Millicent,,Swindon,SN5 3LR,Open,,,Academy,Academy converter,1,0,0,4,11,Mixed,Church of England,Not applicable,Primary
142316,Wiltshire,865,5408,8655408,Bradon Forest School,The Peak,Purton,,Swindon,SN5 4AT,Open,,,Academy,Academy converter,0,1,0,11,16,Mixed,,Non-selective,SECONDARY
142318,Wiltshire,865,3159,8653159,Seagry Church of England Primary School,Upper Seagry,,,Chippenham,SN15 5EX,Open,,,Academy,Academy converter,1,0,0,2,11,Mixed,Church of England,Not applicable,Primary
142321,Wiltshire,865,2026,8652026,Ridgeway Farm CofE Academy,The Buffer,Purton,,Swindon,SN5 4GT,Open,,,Academy,Academy sponsor led,1,0,0,4,11,Mixed,Church of England,Not applicable,Primary
142335,Wiltshire,865,2027,8652027,Marlborough St Mary's CE Primary School,Ducks Meadow,,,Marlborough,SN8 4BX,Open,,,Maintained school,Voluntary controlled school,1,0,0,5,11,Mixed,Church of England,Not applicable,Primary
143004,Wiltshire,865,3061,8653061,Durrington All Saints Church of England Voluntary Controlled Infants' School,School Road,Durrington,,Salisbury,SP4 8HJ,Open,,,Academy,Academy converter,1,0,0,5,7,Mixed,Church of England,Non-selective,Primary
143005,Wiltshire,865,4071,8654071,Avon Valley Academy,Recreation Road,Durrington,,Salisbury,SP4 8HH,Open,,,Academy,Academy converter,0,1,0,11,16,Mixed,,Non-selective,SECONDARY
143006,Wiltshire,865,3071,8653071,St Michael's Church of England Primary School,The Causeway,Larkhill,,Salisbury,SP4 8FB,Open,,,Academy,Academy converter,1,0,0,2,11,Mixed,Church of England,Not applicable,Primary
143007,Wiltshire,865,3022,8653022,Bulford St Leonard's C of E (VA) Primary School,John French Way,Bulford Village,,Salisbury,SP4 9HP,Open,,,Academy,Academy converter,1,0,0,3,11,Mixed,Church of England,Not applicable,Primary
143009,Wiltshire,865,3094,8653094,Keevil CofE Primary School,Main Street,Keevil,,Trowbridge,BA14 6LU,Open,,,Academy,Academy converter,1,0,0,4,11,Mixed,Church of England,Not applicable,Primary
143499,Wiltshire,865,2037,8652037,Southbroom Infants' School,The Green,Southbroom Road,,Devizes,SN10 5AA,Open,,,Academy,Academy converter,1,0,0,2,7,Mixed,Does not apply,Not applicable,Primary
143500,Wiltshire,865,3344,8653344,Forest and Sandridge Church of England Primary School,Cranesbill Road,,,Melksham,SN12 7GN,Open,,,Academy,Academy converter,1,0,0,3,11,Mixed,Church of England,Not applicable,Primary
143957,Wiltshire,865,2030,8652030,West Ashton Church of England Primary School,29 Bratton Road,West Ashton,,Trowbridge,BA14 6AZ,Open,,,Academy,Academy sponsor led,1,0,0,3,11,Mixed,Church of England,Not applicable,Primary
144277,Wiltshire,865,2033,8652033,Shrewton CofE Primary School,Tanners Lane,Shrewton,,Salisbury,SP3 4JT,Open,,,Academy,Academy sponsor led,1,0,0,4,11,Mixed,Church of England,Not applicable,Primary
144333,Wiltshire,865,3352,8653352,Heytesbury Church of England Primary School,Greenlands,Heytesbury,,Warminster,BA12 0EA,Open,,,Academy,Academy converter,1,0,0,4,11,Mixed,Church of England,Not applicable,Primary
144388,Wiltshire,865,4001,8654001,Wyvern St Edmund's,Church Road,Laverstock,,Salisbury,SP1 1RE,Open,,,Academy,Academy converter,0,1,0,11,16,Mixed,Church of England,Non-selective,SECONDARY
144389,Wiltshire,865,4006,8654006,The Trafalgar School at Downton,Breamore Road,Downton,,Salisbury,SP5 3HN,Open,,,Academy,Academy converter,0,1,0,11,16,Mixed,,Non-selective,SECONDARY
144454,Wiltshire,865,3023,8653023,St Katharine's CofE Primary School,Savernake Forest,,,Marlborough,SN8 3BG,Open,,,Academy,Academy converter,1,0,0,4,11,Mixed,Church of England,Not applicable,Primary
144514,Wiltshire,865,6046,8656046,Brunel College,Brunel House,Mitchell Road,Salisbury,,SP2 7PY,Open,,,Independent school,Other independent school,0,1,0,11,16,Mixed,,Not applicable,SECONDARY
144704,Wiltshire,865,5200,8655200,Aloeric Primary School,St Michael's Road,,,Melksham,SN12 6HN,Open,,,Academy,Academy converter,1,0,0,4,11,Mixed,,Not applicable,Primary
144705,Wiltshire,865,2022,8652022,Ivy Lane Primary School,Ivy Lane,,,Chippenham,SN15 1HE,Open,,,Academy,Academy converter,1,0,0,3,11,Mixed,Does not apply,Not applicable,Primary
144854,Wiltshire,865,3190,8653190,St John's CofE School,Boreham Road,,,Warminster,BA12 9JY,Open,,,Academy,Academy converter,1,0,0,5,11,Mixed,Church of England,Not applicable,Primary
144995,Wiltshire,865,2035,8652035,New Close Primary School,30 Imber Road,,,Warminster,BA12 9JJ,Open,,,Academy,Academy sponsor led,1,0,0,4,11,Mixed,Does not apply,Not applicable,Primary
145166,Wiltshire,865,2036,8652036,St. Peter's CE Primary Academy,Xanten Way,,,Salisbury,SP2 9FL,Open,,,Academy,Free schools,1,0,0,4,11,Mixed,Church of England,Non-selective,Primary
145198,Wiltshire,865,7000,8657000,The Springfields Academy,Curzon Street,,,Calne,SN11 0DS,Open,,,Special school,Academy special sponsor led,1,1,1,4,19,Mixed,,,Primary
145545,Wiltshire,865,2065,8652065,Larkhill Primary School,Wilson Road,Larkhill,,Salisbury,SP4 8QB,Open,,,Academy,Academy converter,1,0,0,5,11,Mixed,Does not apply,Not applicable,Primary
145555,Wiltshire,865,2039,8652039,Great Wishford CofE (VA) Primary School,West Street,Great Wishford,,Salisbury,SP2 0PQ,Open,,,Academy,Academy sponsor led,1,0,0,4,11,Mixed,Church of England,Not applicable,Primary
145714,Wiltshire,865,3243,8653243,Great Bedwyn Church of England School,Farm Lane,Great Bedwyn,,Marlborough,SN8 3TR,Open,,,Academy,Academy converter,1,0,0,4,11,Mixed,Church of England,Not applicable,Primary
146091,Wiltshire,865,2044,8652044,King's Gate Primary School,Great Amber Way,Amesbury,,Salisbury,SP4 7GD,Open,,,Academy,Free schools,1,0,0,4,11,Mixed,,Non-selective,Primary
146098,Wiltshire,865,2046,8652046,Wilton CofE Primary School,Burcombe Lane,Wilton,,Salisbury,SP2 0ES,Open,,,Academy,Academy sponsor led,1,0,0,4,11,Mixed,Church of England,Not applicable,Primary
146166,Wiltshire,865,6051,8656051,The Spires,School Lane,,,Salisbury,SP1 3YA,Open,,,Special school,Other independent special school,1,1,1,6,18,Mixed,,Not applicable,Primary
146343,Wiltshire,865,2047,8652047,Bowerhill Primary School,Halifax Road,,,Melksham,SN12 6YH,Open,,,Academy,Academy converter,1,0,0,4,11,Mixed,,,Primary
146344,Wiltshire,865,4008,8654008,Melksham Oak Community School,,Bowerhill,,Melksham,SN12 6QZ,Open,,,Academy,Academy converter,0,1,1,11,18,Mixed,,,SECONDARY
146345,Wiltshire,865,2048,8652048,Shaw CE Primary School,Corsham Road,Shaw,,Melksham,SN12 8EQ,Open,,,Academy,Academy converter,1,0,0,4,11,Mixed,Church of England,,Primary
146346,Wiltshire,865,2049,8652049,"St George's Church of England Primary School, Semington",Pound Lane,,Semington,Trowbridge,BA14 6LP,Open,,,Academy,Academy converter,1,0,0,5,11,Mixed,,,Primary
146347,Wiltshire,865,2050,8652050,St Mary's Broughton Gifford Voluntary Controlled Church of England Primary School,The Street,Broughton Gifford,,Melksham,SN12 8PR,Open,,,Academy,Academy converter,1,0,0,4,11,Mixed,Methodist/Church of England,,Primary
146348,Wiltshire,865,2051,8652051,The Manor CofE VC Primary School,Ruskin Avenue,,,Melksham,SN12 7NG,Open,,,Academy,Academy converter,1,0,0,4,11,Mixed,,Non-selective,Primary
146421,Wiltshire,865,2162,8652162,Noremarsh Junior School,Clarendon Drive,Royal Wootton Bassett,,Swindon,SN4 8BT,Open,,,Academy,Academy converter,1,0,0,7,11,Mixed,Does not apply,Not applicable,Primary
146654,Wiltshire,865,6052,8656052,LUMIAR STOWFORD SCHOOL,Stowford Manor Farm,WINGFIELD,,,BA14 9LH,Open,,,Independent school,Other independent school,1,1,0,4,14,Mixed,,,Primary
146808,Wiltshire,865,3448,8653448,Bemerton St John Church of England Primary,Lower Road,Bemerton,,Salisbury,SP2 9NW,Open,,,Academy,Academy converter,1,0,0,4,11,Mixed,Church of England,Not applicable,Primary
146849,Wiltshire,865,3308,8653308,Bishops Cannings Church of England Primary School,The Street,Bishop's Cannings,,Devizes,SN10 2LD,Open,,,Academy,Academy converter,1,0,0,2,11,Mixed,Church of England,Not applicable,Primary
146881,Wiltshire,865,3406,8653406,Woodborough Church of England Primary School,Broad Street,,,Pewsey,SN9 5PL,Open,,,Academy,Academy converter,1,0,0,4,11,Mixed,Church of England,Not applicable,Primary
146902,Wiltshire,865,3036,8653036,Chirton Church of England Primary School,The Street,Chirton,,Devizes,SN10 3QS,Open,,,Academy,Academy converter,1,0,0,2,11,Mixed,Church of England,Not applicable,Primary
146925,Wiltshire,865,3000,8653000,All Cannings Church of England Primary School,Chandlers Lane,All Cannings,,Devizes,SN10 3PG,Open,,,Academy,Academy converter,1,0,0,4,11,Mixed,Church of England,Not applicable,Primary
146933,Wiltshire,865,3381,8653381,Rushall Church of England Primary School,Rushall,,,Pewsey,SN9 6EN,Open,,,Academy,Academy converter,1,0,0,3,11,Mixed,Church of England,Not applicable,Primary
147091,Wiltshire,865,2054,8652054,Wellington Eagles Primary Academy,Wellesley Road,,Ludgershall,Andover,SP11 9LT,Open,,,Academy,Free schools,1,0,0,2,11,Mixed,,Not applicable,Primary
147245,Wiltshire,865,3199,8653199,Winsley CoE VC Primary School,Tyning Road,Winsley,,Bradford-on-Avon,BA15 2JN,Open,,,Academy,Academy converter,1,0,0,4,11,Mixed,Church of England,Not applicable,Primary
147251,Wiltshire,865,2008,8652008,Fitzmaurice Primary School,Frome Road,,,Bradford-on-Avon,BA15 1LE,Open,,,Academy,Academy converter,1,0,0,4,11,Mixed,Does not apply,Not applicable,Primary
147512,Wiltshire,865,5212,8655212,Sutton Benger Church of England Primary School,40 Chestnut Road,Sutton Benger,,Chippenham,SN15 4RP,Open,,,Academy,Academy converter,1,0,0,4,11,Mixed,Church of England,Not applicable,Primary
147595,Wiltshire,865,2055,8652055,Ludwell Primary School,Coronation Drive,Ludwell,,Shaftesbury,SP7 9ND,Open,,,Academy,Academy sponsor led,1,0,0,4,11,Mixed,Does not apply,Not applicable,Primary
147649,Wiltshire,865,2056,8652056,Rowde CofE Academy,High Street,,,Devizes,SN10 2ND,Open,,,Academy,Academy converter,1,0,0,4,11,Mixed,Church of England,,Primary
148024,Wiltshire,865,3372,8653372,The New Forest Church of England Primary School,School Road,Nomansland,Salisbury,Wilts,SP5 2BY,Open,,,Academy,Academy converter,1,0,0,2,11,Mixed,Church of England,Not applicable,Primary
148145,Wiltshire,865,7003,8657003,Silverwood School,,Rowde,,Devizes,SN10 2QQ,Open,,,Special school,Community special school,1,1,1,4,19,Mixed,Does not apply,,Primary
148173,Wiltshire,865,3462,8653462,Amesbury Archer Primary School,Shears Drive,Archers Gate,,Amesbury,SP4 7XX,Open,,,Academy,Academy converter,1,0,0,4,11,Mixed,Does not apply,Not applicable,Primary
148176,Wiltshire,865,6053,8656053,The Eaves Learning Centre,4,Hawkeridge Road,,Westbury,BA13 4LF,Open,,,Special school,Other independent special school,1,1,1,8,19,Mixed,,,Primary
148677,Wiltshire,865,3405,8653405,Winterslow Church of England Primary School,Middle Winterslow,,,Salisbury,SP5 1RD,Open,,,Academy,Academy converter,1,0,0,4,11,Mixed,Church of England,Not applicable,Primary
148678,Wiltshire,865,5216,8655216,Pitton Church of England Primary School,Whiteway,Pitton,,Salisbury,SP5 1DT,Open,,,Academy,Academy converter,1,0,0,4,11,Mixed,Church of England,Not applicable,Primary
148680,Wiltshire,865,2004,8652004,Greentrees Primary School,Sycamore Drive,Bishopdown,,Salisbury,SP1 3GZ,Open,,,Academy,Academy converter,1,0,0,4,11,Mixed,Does not apply,Not applicable,Primary
149019,Wiltshire,865,6059,8656059,Coombe House School,Coombe House School,Donhead St Mary,Salisbury Road,Shaftesbury,SP7 9LP,Open,,,Special school,Other independent special school,1,1,1,5,19,Mixed,,,Primary
149026,Wiltshire,865,6060,8656060,Meadow Bridge School,The Old School House,High Street,Cricklade,Wiltshire,SN6 6DD,Open,,,Special school,Other independent special school,1,1,1,6,19,Mixed,,,Primary
149117,Wiltshire,865,2057,8652057,Westwood-with-Iford Primary School,Boswell Road,Lower Westwood,,Bradford-on-Avon,BA15 2BY,Open,,,Academy,Academy sponsor led,1,0,0,4,11,Mixed,Does not apply,Not applicable,Primary
149207,Wiltshire,865,3464,8653464,Old Sarum Primary School,Pheasant Drive,Old Sarum,,Salisbury,SP4 6GH,Open,,,Academy,Academy converter,1,0,0,4,11,Mixed,Does not apply,Not applicable,Primary
149340,Wiltshire,865,6062,8656062,Compass Community School Athelstan Park,114 Warminster Road,Westbury,Wiltshire,,BA13 3BR,Open,,,Special school,Other independent special school,1,1,1,8,17,Mixed,,,Primary
149473,Wiltshire,865,2058,8652058,Amesbury Church of England Voluntary Controlled Primary School,Kitchener Road,Amesbury,,Salisbury,SP4 7AX,Open,,,Academy,Academy sponsor led,1,0,0,4,11,Mixed,Church of England,Not applicable,Primary
149557,Wiltshire,865,3396,8653396,St Thomas Ã  Becket Church of England Aided Primary School,High Street,,Tilshead,Salisbury,SP3 4RZ,Open,,,Academy,Academy converter,1,0,0,2,11,Mixed,Church of England,Not applicable,Primary
149640,Wiltshire,865,2059,8652059,St Mary's Catholic Primary School,Rowden Hill,,,Chippenham,SN15 2AH,Open,,,Academy,Academy sponsor led,1,0,0,4,11,Mixed,Roman Catholic,Not applicable,Primary
149660,Wiltshire,865,3230,8653230,Dinton CofE Primary School,Hindon Road,Dinton,,Salisbury,SP3 5HW,Open,01-12-2023,,Academy,Academy converter,1,0,0,4,11,Mixed,Church of England,Not applicable,Primary
149672,Wiltshire,865,2061,8652061,"Christ The King Catholic School, Amesbury",Earls Court Road,Amesbury,,Salisbury,SP4 7LX,Open,,,Academy,Academy sponsor led,1,0,0,4,11,Mixed,Catholic,Not applicable,Primary
149746,Wiltshire,865,7004,8657004,SAIL (Salisbury Academy for Inspirational Learning),Wilton Road,,,Salisbury,SP2 7EU,Open,,,Special school,Free schools special,1,1,1,4,19,Mixed,Does not apply,Non-selective,Primary
149871,Wiltshire,865,6064,8656064,Compass Community School Wheatley Park,25-27 Moredon Road,Rodbourne Cheney,,Swindon,SN25 3DF,Open,22-09-2023,,Special school,Other independent special school,1,1,1,7,17,Mixed,,,Primary
150219,Wiltshire,865,3355,8653355,St Nicholas Church of England Primary School,Idmiston Road,Porton,,Salisbury,SP4 0LB,Open,01-12-2023,,Academy,Academy converter,1,0,0,4,11,Mixed,Church of England,Not applicable,Primary
150220,Wiltshire,865,3449,8653449,Broad Chalke CofE Primary School,Newtown,Broad Chalke,,Salisbury,SP5 5DS,Open,01-12-2023,,Academy,Academy converter,1,0,0,4,11,Mixed,Church of England,Not applicable,Primary
150253,Wiltshire,865,3017,8653017,Longford Church of England Primary School,High Road,Britford,,Salisbury,SP5 4DS,Open,01-12-2023,,Academy,Academy converter,1,0,0,4,11,Mixed,Church of England,Not applicable,Primary
150254,Wiltshire,865,2064,8652064,Alderbury and West Grimstead Church of England Primary School,Firs Road,Alderbury,,Salisbury,SP5 3BD,Open,01-12-2023,,Academy,Academy sponsor led,1,0,0,4,11,Mixed,Church of England,Not applicable,Primary
150284,Wiltshire,865,2062,8652062,St Martin's CofE Primary School,Shady Bower,,,Salisbury,SP1 2RG,Open,01-01-2024,,Academy,Academy sponsor led,1,0,0,2,11,Mixed,Church of England,Not applicable,Primary
150800,Wiltshire,865,2031,8652031,Neston Primary School,Church Rise,,,"Neston, Corsham",SN13 9SX,Open,01-04-2024,,Academy,Academy converter,1,0,0,4,11,Mixed,Does not apply,Not applicable,Primary
150801,Wiltshire,865,3013,8653013,Box Church of England Primary School,High Street,Box,,Corsham,SN13 8NF,Open,01-04-2024,,Academy,Academy converter,1,0,0,4,11,Mixed,Church of England,Not applicable,Primary
150829,Wiltshire,865,3467,8653467,"Churchfields, the Village School",Bradford Road,Atworth,,Melksham,SN12 8HY,Open,01-03-2025,,Academy,Academy converter,1,0,0,4,11,Mixed,Church of England,Not applicable,Primary
150886,Wiltshire,865,3222,8653222,"St Barnabas Church of England School, Market Lavington",Drove Lane,Market Lavington,,Devizes,SN10 4NT,Open,01-06-2024,,Academy,Academy converter,1,0,0,2,11,Mixed,Church of England,Not applicable,Primary
150893,Wiltshire,865,2066,8652066,Westbury Leigh CofE Primary School,Sandalwood Road,,,Westbury,BA13 3UR,Open,01-12-2024,,Academy,Academy sponsor led,1,0,0,4,11,Mixed,Church of England,Not applicable,Primary
150906,Wiltshire,865,2170,8652170,The Grove Primary School,Hazel Grove,,,Trowbridge,BA14 0JG,Open,01-06-2024,,Academy,Academy converter,1,0,0,4,11,Mixed,Does not apply,Not applicable,Primary
150907,Wiltshire,865,3135,8653135,North Bradley CofE Primary School,Church Lane,North Bradley,,Trowbridge,BA14 0TA,Open,01-06-2024,,Academy,Academy converter,1,0,0,4,11,Mixed,Church of England,Not applicable,Primary
150908,Wiltshire,865,3166,8653166,Southwick Church of England Primary School,Hollis Way,Southwick,,Trowbridge,BA14 9PH,Open,01-06-2024,,Academy,Academy converter,1,0,0,4,11,Mixed,Church of England,Not applicable,Primary
150909,Wiltshire,865,5206,8655206,Studley Green Primary School,Westfield Road,,,Trowbridge,BA14 9JQ,Open,01-06-2024,,Academy,Academy converter,1,0,0,5,11,Mixed,,Not applicable,Primary
150910,Wiltshire,865,3472,8653472,Bellefield Primary and Nursery School,Windermere Road,,,Trowbridge,BA14 8TE,Open,01-06-2024,,Academy,Academy converter,1,0,0,3,11,Mixed,Church of England,Not applicable,Primary
151313,Wiltshire,865,3316,8653316,Chapmanslade Church of England Primary School,High Street,Chapmanslade,,Westbury,BA13 4AN,Open,01-04-2025,,Academy,Academy converter,1,0,0,4,11,Mixed,Church of England,Not applicable,Primary
151331,Wiltshire,865,3020,8653020,"St Nicholas Church of England Primary School, Bromham",The Leaze,Bromham,,Chippenham,SN15 2EY,Open,01-12-2024,,Academy,Academy converter,1,0,0,4,11,Mixed,Church of England,Not applicable,Primary
151506,Wiltshire,865,6068,8656068,Robins Way School,High Street,,,Figheldean,SP4 8JT,Open,04-07-2025,,Special school,Other independent special school,1,0,0,7,11,Mixed,,,Primary
151533,Wiltshire,865,4009,8654009,Pewsey Vale School,Wilcot Road,Wiltshire,,Pewsey,SN9 5EW,Open,01-12-2024,,Academy,Academy converter,0,1,0,11,16,Mixed,,,SECONDARY
151646,Wiltshire,865,6069,8656069,Melksham House School,27 Market Place,,,Melksham,SN12 6ES,Open,23-07-2025,,Special school,Other independent special school,1,1,0,4,16,Mixed,,,Primary
151734,Wiltshire,865,2045,8652045,Gomeldon Primary School,Gomeldon,,,Salisbury,SP4 6JZ,Open,01-04-2025,,Academy,Academy converter,1,0,0,4,11,Mixed,Does not apply,Not applicable,Primary
151735,Wiltshire,865,2178,8652178,Princecroft Primary School,Princecroft Lane,,,Warminster,BA12 8NT,Open,01-05-2025,,Academy,Academy converter,1,0,0,2,11,Mixed,Does not apply,Not applicable,Primary
151736,Wiltshire,865,3201,8653201,Winterbourne Earls Church of England Primary School,Summerlug,Winterbourne Earls,,Salisbury,SP4 6HA,Open,01-05-2025,,Academy,Academy converter,1,0,0,4,11,Mixed,Church of England,Not applicable,Primary
151737,Wiltshire,865,3362,8653362,"St Andrew's Church of England Voluntary Aided Primary School, Laverstock",16 Church Road,Laverstock,,Salisbury,SP1 1QX,Open,01-05-2025,,Academy,Academy converter,1,0,0,4,11,Mixed,Church of England,Not applicable,Primary
151921,Wiltshire,865,2218,8652218,Kings Lodge Primary School,Kings Lodge Primary School,,Lodge Road,Chippenham,SN15 3SY,Open,01-07-2025,,Academy,Academy converter,1,0,0,4,11,Mixed,Does not apply,Non-selective,Primary
151922,Wiltshire,865,2226,8652226,Charter Primary School,Wood Lane,,,Chippenham,SN15 3EA,Open,01-07-2025,,Academy,Academy converter,1,0,0,4,11,Mixed,Does not apply,Not applicable,Primary
151948,Wiltshire,865,4000,8654000,Abbeyfield School,Stanley Lane,,,Chippenham,SN15 3XB,Open,01-10-2025,,Academy,Academy converter,0,1,1,11,19,Mixed,Does not apply,Non-selective,SECONDARY
152010,Wiltshire,865,3469,8653469,Five Lanes Church of England Primary School,High Street,,Five Lanes Primary School,Devizes,SN10 5SE,Open,01-09-2025,,Academy,Academy converter,1,0,0,4,11,Mixed,Church of England,Not applicable,Primary
152012,Wiltshire,865,3186,8653186,Urchfont Church of England Primary School,Cuckoo Corner,Urchfont,,Devizes,SN10 4RA,Open,01-09-2025,,Academy,Academy converter,1,0,0,4,11,Mixed,Church of England,Not applicable,Primary
152013,Wiltshire,865,5209,8655209,Paxcroft Primary School,Ashton Street,,,Trowbridge,BA14 7EB,Open,01-09-2025,,Academy,Academy converter,1,0,0,4,11,Mixed,,Not applicable,Primary
